doc_id,doc_title,image,figure_type,caption,axis_x,axis_y,series,label,value,value_text,unit,note
naca-figure-2,naca-figure-2,naca-figure-2.png,chart,FIGURE 2.-Example 2. Temperatures of 1/2-inch copper wall heated according to assigned history of h and Taw.,"Time, sec","Wall surface temperature, deg F",Outer surface (present method),outer surface at t=2 s,40,,deg F,read from the curve
naca-figure-2,naca-figure-2,naca-figure-2.png,chart,FIGURE 2.-Example 2. Temperatures of 1/2-inch copper wall heated according to assigned history of h and Taw.,"Time, sec","Wall surface temperature, deg F",Outer surface (present method),outer surface at t=4 s,120,,deg F,read from the curve
naca-figure-2,naca-figure-2,naca-figure-2.png,chart,FIGURE 2.-Example 2. Temperatures of 1/2-inch copper wall heated according to assigned history of h and Taw.,"Time, sec","Wall surface temperature, deg F",Outer surface (present method),outer surface at t=6 s,217,,deg F,read from the curve
naca-figure-2,naca-figure-2,naca-figure-2.png,chart,FIGURE 2.-Example 2. Temperatures of 1/2-inch copper wall heated according to assigned history of h and Taw.,"Time, sec","Wall surface temperature, deg F",Outer surface (present method),outer surface at t=10 s,300,,deg F,curve plateau
naca-figure-2,naca-figure-2,naca-figure-2.png,chart,FIGURE 2.-Example 2. Temperatures of 1/2-inch copper wall heated according to assigned history of h and Taw.,"Time, sec","Wall surface temperature, deg F",Inner surface (present method),inner surface at t=6 s,185,,deg F,read from the curve
naca-figure-2,naca-figure-2,naca-figure-2.png,chart,FIGURE 2.-Example 2. Temperatures of 1/2-inch copper wall heated according to assigned history of h and Taw.,"Time, sec","Wall surface temperature, deg F",Inner surface (present method),inner surface at t=10 s,297,,deg F,converges with the outer surface
naca-report-1372-excerpt,naca-report-1372-excerpt,naca-report-1372-excerpt-p001.png,chart,FIGURE 2.-Example 2. Temperatures of 1/2-inch copper wall heated according to assigned history of h and Taw.,"Time, sec","Wall surface temperature, deg F",Outer surface (present method),outer surface at t=2 s,40,,deg F,read from the curve
naca-report-1372-excerpt,naca-report-1372-excerpt,naca-report-1372-excerpt-p001.png,chart,FIGURE 2.-Example 2. Temperatures of 1/2-inch copper wall heated according to assigned history of h and Taw.,"Time, sec","Wall surface temperature, deg F",Outer surface (present method),outer surface at t=4 s,120,,deg F,read from the curve
naca-report-1372-excerpt,naca-report-1372-excerpt,naca-report-1372-excerpt-p001.png,chart,FIGURE 2.-Example 2. Temperatures of 1/2-inch copper wall heated according to assigned history of h and Taw.,"Time, sec","Wall surface temperature, deg F",Outer surface (present method),outer surface at t=6 s,217,,deg F,read from the curve
naca-report-1372-excerpt,naca-report-1372-excerpt,naca-report-1372-excerpt-p001.png,chart,FIGURE 2.-Example 2. Temperatures of 1/2-inch copper wall heated according to assigned history of h and Taw.,"Time, sec","Wall surface temperature, deg F",Outer surface (present method),outer surface at t=10 s,300,,deg F,curve plateau
naca-report-1372-excerpt,naca-report-1372-excerpt,naca-report-1372-excerpt-p001.png,chart,FIGURE 2.-Example 2. Temperatures of 1/2-inch copper wall heated according to assigned history of h and Taw.,"Time, sec","Wall surface temperature, deg F",Inner surface (present method),inner surface at t=6 s,185,,deg F,read from the curve
naca-report-1372-excerpt,naca-report-1372-excerpt,naca-report-1372-excerpt-p001.png,chart,FIGURE 2.-Example 2. Temperatures of 1/2-inch copper wall heated according to assigned history of h and Taw.,"Time, sec","Wall surface temperature, deg F",Inner surface (present method),inner surface at t=10 s,297,,deg F,converges with the outer surface
naca-report-1372-excerpt,naca-report-1372-excerpt,naca-report-1372-excerpt-p002.png,chart,FIGURE 2.-Example 2. Temperatures of 1/2-inch copper wall heated according to assigned history of h and Taw.,"Time, sec","Wall surface temperature, deg F",Outer surface (present method),outer surface at t=2 s,40,,deg F,read from the curve
naca-report-1372-excerpt,naca-report-1372-excerpt,naca-report-1372-excerpt-p002.png,chart,FIGURE 2.-Example 2. Temperatures of 1/2-inch copper wall heated according to assigned history of h and Taw.,"Time, sec","Wall surface temperature, deg F",Outer surface (present method),outer surface at t=4 s,120,,deg F,read from the curve
naca-report-1372-excerpt,naca-report-1372-excerpt,naca-report-1372-excerpt-p002.png,chart,FIGURE 2.-Example 2. Temperatures of 1/2-inch copper wall heated according to assigned history of h and Taw.,"Time, sec","Wall surface temperature, deg F",Outer surface (present method),outer surface at t=6 s,217,,deg F,read from the curve
naca-report-1372-excerpt,naca-report-1372-excerpt,naca-report-1372-excerpt-p002.png,chart,FIGURE 2.-Example 2. Temperatures of 1/2-inch copper wall heated according to assigned history of h and Taw.,"Time, sec","Wall surface temperature, deg F",Outer surface (present method),outer surface at t=10 s,300,,deg F,curve plateau
naca-report-1372-excerpt,naca-report-1372-excerpt,naca-report-1372-excerpt-p002.png,chart,FIGURE 2.-Example 2. Temperatures of 1/2-inch copper wall heated according to assigned history of h and Taw.,"Time, sec","Wall surface temperature, deg F",Inner surface (present method),inner surface at t=6 s,185,,deg F,read from the curve
naca-report-1372-excerpt,naca-report-1372-excerpt,naca-report-1372-excerpt-p002.png,chart,FIGURE 2.-Example 2. Temperatures of 1/2-inch copper wall heated according to assigned history of h and Taw.,"Time, sec","Wall surface temperature, deg F",Inner surface (present method),inner surface at t=10 s,297,,deg F,converges with the outer surface
naca-report-1372-excerpt,naca-report-1372-excerpt,naca-report-1372-excerpt-p003.png,chart,FIGURE 2.-Example 2. Temperatures of 1/2-inch copper wall heated according to assigned history of h and Taw.,"Time, sec","Wall surface temperature, deg F",Outer surface (present method),outer surface at t=2 s,40,,deg F,read from the curve
naca-report-1372-excerpt,naca-report-1372-excerpt,naca-report-1372-excerpt-p003.png,chart,FIGURE 2.-Example 2. Temperatures of 1/2-inch copper wall heated according to assigned history of h and Taw.,"Time, sec","Wall surface temperature, deg F",Outer surface (present method),outer surface at t=4 s,120,,deg F,read from the curve
naca-report-1372-excerpt,naca-report-1372-excerpt,naca-report-1372-excerpt-p003.png,chart,FIGURE 2.-Example 2. Temperatures of 1/2-inch copper wall heated according to assigned history of h and Taw.,"Time, sec","Wall surface temperature, deg F",Outer surface (present method),outer surface at t=6 s,217,,deg F,read from the curve
naca-report-1372-excerpt,naca-report-1372-excerpt,naca-report-1372-excerpt-p003.png,chart,FIGURE 2.-Example 2. Temperatures of 1/2-inch copper wall heated according to assigned history of h and Taw.,"Time, sec","Wall surface temperature, deg F",Outer surface (present method),outer surface at t=10 s,300,,deg F,curve plateau
naca-report-1372-excerpt,naca-report-1372-excerpt,naca-report-1372-excerpt-p003.png,chart,FIGURE 2.-Example 2. Temperatures of 1/2-inch copper wall heated according to assigned history of h and Taw.,"Time, sec","Wall surface temperature, deg F",Inner surface (present method),inner surface at t=6 s,185,,deg F,read from the curve
naca-report-1372-excerpt,naca-report-1372-excerpt,naca-report-1372-excerpt-p003.png,chart,FIGURE 2.-Example 2. Temperatures of 1/2-inch copper wall heated according to assigned history of h and Taw.,"Time, sec","Wall surface temperature, deg F",Inner surface (present method),inner surface at t=10 s,297,,deg F,converges with the outer surface
opa-scatter,opa-scatter,opa-scatter.png,chart,Figure 1. Serotype 6B OPA titers 28 days after vaccination.,Vaccine group,OPA titer (1/dilution),Day 28,PCV13,814,GMT 814,OPA titer,geometric mean printed above the column
opa-scatter,opa-scatter,opa-scatter.png,chart,Figure 1. Serotype 6B OPA titers 28 days after vaccination.,Vaccine group,OPA titer (1/dilution),Day 28,PCV20,437,GMT 437,OPA titer,geometric mean printed above the column
opa-scatter,opa-scatter,opa-scatter.png,chart,Figure 1. Serotype 6B OPA titers 28 days after vaccination.,Vaccine group,OPA titer (1/dilution),Day 28,Placebo,15,GMT 15,OPA titer,geometric mean printed above the column
