Serogroup,Danish_Type,US_Type,Structure_Status,Backbone_Normalized,Repeat_Unit_Machine,Branch_Attachment_Evidence,Notes,Reference,IUPAC_Condensed_Repeat_Unit_Verbatim
1,1,1,full_structure,→3)-α-AATGalp-(1→4)-α-D-GalpA[2Ac:0.3;3Ac:0.3]-(1→3)-α-D-GalpA-(1→,→3)-α-AATGalp-(1→4)-α-D-GalpA[2Ac:0.3;3Ac:0.3]-(1→3)-α-D-GalpA-(1→,linear,,277,"→3)-α-AATGalp-(1→4)-α-d-GalpA20.3,30.3Ac2-(1→3)-α-d-GalpA-(1→"
2,2,2,full_structure,→4)-β-D-Glcp-(1→3)-α-L-Rhap-(1→3)-α-L-Rhap-(1→3)-β-L-Rhap-(1→,→4)-β-D-Glcp-(1→3)-[α-D-GlcpA-(1→6)-α-D-Glcp-(1→2)]-α-L-Rhap-(1→3)-α-L-Rhap-(1→3)-β-L-Rhap-(1→,snfg-fig2,,31,"→4)-β-d-Glcp-(1→3)-α-l-Rhap-(1→3)-α-l-Rhap-(1→3)-β-l-Rhap-(1→
2
↑
1
α-d-GlcpA-(1→6)-α-d-Glcp"
3,3,3,full_structure,→3)-β-D-GlcpA-(1→4)-β-D-Glcp-(1→,→3)-β-D-GlcpA-(1→4)-β-D-Glcp-(1→,linear,,31,→3)-β-d-GlcpA-(1→4)-β-d-Glcp-(1→
4,4,4,full_structure,"→3)-β-D-ManpNAc-(1→3)-α-L-FucpNAc-(1→3)-α-D-GalpNAc-(1→4)-α-D-Galp2,3(S)Pyr-(1→","→3)-β-D-ManpNAc-(1→3)-α-L-FucpNAc-(1→3)-α-D-GalpNAc-(1→4)-α-D-Galp2,3(S)Pyr-(1→",linear,,278,"→3)-β-d-ManpNAc-(1→3)-α-l-FucpNAc-(1→3)-α-d-GalpNAc-(1→4)-α-d-Galp2,3(S)Pyr-(1→"
5,5,5,full_structure,→4)-β-D-Glcp-(1→4)-α-L-FucpNAc-(1→3)-β-D-Sugp-(1→,→4)-β-D-Glcp-(1→4)-[α-L-PnepNAc-(1→2)-β-D-GlcpA-(1→3)]-α-L-FucpNAc-(1→3)-β-D-Sugp-(1→,snfg-fig2,,31,"→4)-β-d-Glcp-(1→4)-α-l-FucpNAc-(1→3)-β-d-Sugp-(1→
3
↑
1
α-l-PnepNAc-(1→2)-β-d-GlcpA"
6,6A,6,full_structure,→2)-α-D-Galp-(1→3)-α-D-Glcp-(1→3)-α-L-Rhap-(1→3)-D-Rib-ol-(5→P→,→2)-α-D-Galp-(1→3)-α-D-Glcp-(1→3)-α-L-Rhap-(1→3)-D-Rib-ol-(5→P→,linear,,31,→2)-α-d-Galp-(1→3)-α-d-Glcp-(1→3)-α-l-Rhap-(1→3)-d-Rib-ol-(5→P→
6,6B,26,full_structure,→2)-α-D-Galp-(1→3)-α-D-Glcp-(1→3)-α-L-Rhap-(1→4)-D-Rib-ol-(5→P→,→2)-α-D-Galp-(1→3)-α-D-Glcp-(1→3)-α-L-Rhap-(1→4)-D-Rib-ol-(5→P→,linear,,31,→2)-α-d-Galp-(1→3)-α-d-Glcp-(1→3)-α-l-Rhap-(1→4)-d-Rib-ol-(5→P→
6,6C,6C,full_structure,→2)-α-D-Glcp-(1→3)-α-D-Glcp-(1→3)-α-L-Rhap-(1→3)-D-Rib-ol-(5→P→,→2)-α-D-Glcp-(1→3)-α-D-Glcp-(1→3)-α-L-Rhap-(1→3)-D-Rib-ol-(5→P→,linear,,"34, 35",→2)-α-d-Glcp-(1→3)-α-d-Glcp-(1→3)-α-l-Rhap-(1→3)-d-Rib-ol-(5→P→
6,6D,6D,full_structure,→2)-α-D-Glcp-(1→3)-α-D-Glcp-(1→3)-α-L-Rhap-(1→4)-D-Rib-ol-(5→P→,→2)-α-D-Glcp-(1→3)-α-D-Glcp-(1→3)-α-L-Rhap-(1→4)-D-Rib-ol-(5→P→,linear,,47,→2)-α-d-Glcp-(1→3)-α-d-Glcp-(1→3)-α-l-Rhap-(1→4)-d-Rib-ol-(5→P→
6,6Eb,NDc,none,,,,,,No information
6,6F,6F,composite,,,,,47,6F has both 6A and 6C repeating units
6,6G,6G,composite,,,,,47,6G has both 6B and 6D repeating units
6,6H,6H,composite,,,,,279,6H has both 6A and 6B repeating units
7,7F,51,full_structure,→6)-α-D-Galp-(1→3)-β-L-Rhap[2Ac]-(1→4)-β-D-Glcp-(1→3)-β-D-GalpNAc-(1→,→6)-[β-D-Galp-(1→2)]-α-D-Galp-(1→3)-β-L-Rhap[2Ac]-(1→4)-β-D-Glcp-(1→3)-[α-D-GlcpNAc-(1→2)-α-L-Rhap-(1→4)]-β-D-GalpNAc-(1→,snfg-fig2,,31,"→6)-α-d-Galp-(1→3)-β-l-Rhap2Ac-(1→4)-β-d-Glcp-(1→3)-β-d-GalpNAc-(1→
2 4
↑ ↑
1 1
β-d-Galp α-d-GlcpNAc-(1→2)-α-l-Rhap"
7,7A,7,full_structure,→6)-α-D-Galp-(1→3)-β-L-Rhap[2Ac]-(1→4)-β-D-Glcp-(1→3)-β-D-GalpNAc-(1→,→6)-α-D-Galp-(1→3)-β-L-Rhap[2Ac]-(1→4)-β-D-Glcp-(1→3)-[α-D-GlcpNAc-(1→2)-α-L-Rhap-(1→4)]-β-D-GalpNAc-(1→,snfg-fig2,,31,"→6)-α-d-Galp-(1→3)-β-l-Rhap2Ac-(1→4)-β-d-Glcp-(1→3)-β-d-GalpNAc-(1→
4
↑
1
α-d-GlcpNAc-(1→2)-α-l-Rhap"
7,7B,48,full_structure,→6)-α-D-GlcpNAc-(1→2)-α-L-Rhap-(1→2)-β-L-Rhap-(1→4)-β-D-Glcp-(1→4)-α-D-Glcp(1→P→,→6)-[β-D-Ribf-(1→4)-α-L-Rhap-(1→3)]-α-D-GlcpNAc-(1→2)-α-L-Rhap-(1→2)-β-L-Rhap-(1→4)-β-D-Glcp-(1→4)-α-D-Glcp(1→P→,snfg-fig2,,31,"→6)-α-d-GlcpNAc-(1→2)-α-l-Rhap-(1→2)-β-l-Rhap-(1→4)-β-d-Glcp-(1→4)-α-d-Glcp(1→P→
3
↑
1
β-d-Ribf-(1→4)-α-l-Rhap"
7,7C,50,full_structure,"β-Ribf-(1→4)-α-Rhap-(1→O-P-6)-α-GlcpNAc-(1→2)-α-Rhap-(1→2)-β-Rhap-(1→4)-β-Glcp-(1→3,4)-α-GalpNAc-(1-O-P-","β-Ribf-(1→4)-α-Rhap-(1→O-P-6)-α-GlcpNAc-(1→2)-α-Rhap-(1→2)-β-Rhap-(1→4)-β-Glcp-(1→3,4)-α-GalpNAc-(1-O-P-",linear,,Kjeldsen et al. Carbohydr Res 2018;463:24-31. doi:10.1016/j.carres.2018.04.011,"β-Ribf-(1→4)-α-Rhap-(1→O-P-6)-α-GlcpNAc-(1→2)-α-Rhap-(1→2)-β-Rhap-(1→4)-β-Glcp-(1→3,4)-α-GalpNAc-(1-O-P-"
8,8,8,full_structure,→4)-β-D-GlcpA-(1→4)-β-D-Glcp-(1→4)-α-D-Glcp-(1→4)-α-D-Galp-(1→,→4)-β-D-GlcpA-(1→4)-β-D-Glcp-(1→4)-α-D-Glcp-(1→4)-α-D-Galp-(1→,linear,,31,→4)-β-d-GlcpA-(1→4)-β-d-Glcp-(1→4)-α-d-Glcp-(1→4)-α-d-Galp-(1→
9,9A,33,full_structure,→4)-α-D-GlcpA[2Ac:0.27;3Ac:0.61]-(1→3)-α-D-Galp-(1→3)-β-D-ManpNAc[4Ac:0.03]-(1→4)-β-D-Glcp-(1→4)-α-D-Glcp(1→,→4)-α-D-GlcpA[2Ac:0.27;3Ac:0.61]-(1→3)-α-D-Galp-(1→3)-β-D-ManpNAc[4Ac:0.03]-(1→4)-β-D-Glcp-(1→4)-α-D-Glcp(1→,linear,,46,"→4)-α-d-GlcpA20.27,30.61Ac2-(1→3)-α-d-Galp-(1→3)-β-d-ManpNAc4Ac0.03-(1→4)-β-d-Glcp-(1→4)-α-d-Glcp(1→"
9,9L,49,full_structure,→4)-α-D-GlcpA-(1→3)-α-D-Galp-(1→3)-β-D-ManpNAc-(1→4)-β-D-Glcp-(1→4)-α-D-GlcpNAc-(1→,→4)-α-D-GlcpA-(1→3)-α-D-Galp-(1→3)-β-D-ManpNAc-(1→4)-β-D-Glcp-(1→4)-α-D-GlcpNAc-(1→,linear,,31,→4)-α-d-GlcpA-(1→3)-α-d-Galp-(1→3)-β-d-ManpNAc-(1→4)-β-d-Glcp-(1→4)-α-d-GlcpNAc-(1→
9,9N,9,full_structure,→4)-α-D-GlcpA-(1→3)-α-D-Glcp-(1→3)-β-D-ManpNAc-(1→4)-β-D-Glcp-(1→4)-α-D-GlcpNAc-(1→,→4)-α-D-GlcpA-(1→3)-α-D-Glcp-(1→3)-β-D-ManpNAc-(1→4)-β-D-Glcp-(1→4)-α-D-GlcpNAc-(1→,linear,,31,→4)-α-d-GlcpA-(1→3)-α-d-Glcp-(1→3)-β-d-ManpNAc-(1→4)-β-d-Glcp-(1→4)-α-d-GlcpNAc-(1→
9,9V,68,full_structure,→4)-α-D-GlcpA[2Ac:0.25;3Ac:0.55]-(1→3)-α-D-Galp-(1→3)-β-D-ManpNAc[4Ac:0.09;6Ac:1.04]-(1→4)-β-D-Glcp-(1→4)-α-D-Glcp-(1→,→4)-α-D-GlcpA[2Ac:0.25;3Ac:0.55]-(1→3)-α-D-Galp-(1→3)-β-D-ManpNAc[4Ac:0.09;6Ac:1.04]-(1→4)-β-D-Glcp-(1→4)-α-D-Glcp-(1→,linear,,46,"→4)-α-d-GlcpA20.25,30.55Ac2-(1→3)-α-d-Galp-(1→3)-β-d-ManpNAc40.09,61.04Ac2-(1→4)-β-d-Glcp-(1→4)-α-d-Glcp-(1→"
10,10F,10,full_structure,→5)-β-D-Galf-(1→3)-β-D-Galp-(1→4)-β-D-GalpNAc-(1→3)-α-D-Galp-(1→4)-D-Rib-ol-(5→P→,→5)-β-D-Galf-(1→3)-β-D-Galp-(1→4)-[β-D-Galf-(1→6)]-β-D-GalpNAc-(1→3)-α-D-Galp-(1→4)-D-Rib-ol-(5→P→,snfg-fig2,,280,"β-d-Galf
1
↓
6
→5)-β-d-Galf-(1→3)-β-d-Galp-(1→4)-β-d-GalpNAc-(1→3)-α-d-Galp-(1→4)-d-Rib-ol-(5→P→"
10,10A,34,full_structure,→5)-β-D-Galf-(1→3)-β-D-Galp-(1→4)-β-D-GalpNAc-(1→3)-α-D-Galp-(1→2)-D-Rib-ol-(5→P→,→5)-β-D-Galf-(1→3)-β-D-Galp-(1→4)-[β-D-Galp-(1→6)][β-D-Galf-(1→3)]-β-D-GalpNAc-(1→3)-α-D-Galp-(1→2)-D-Rib-ol-(5→P→,snfg-fig2,,31,"β-d-Galp
1
↓
6
→5)-β-d-Galf-(1→3)-β-d-Galp-(1→4)-β-d-GalpNAc-(1→3)-α-d-Galp-(1→2)-d-Rib-ol-(5→P→
3
↑
1
β-d-Galf"
10,10B,ND,full_structure,→5)-β-D-Galf-(1→3)-β-D-Galp-(1→4)-β-D-GalpNAc-(1→3)-α-D-Galp-(1→4)-D-Rib-ol-(5→P→,→5)-β-D-Galf-(1→3)-β-D-Galp-(1→4)-[β-D-Galf-(1→3)]-β-D-GalpNAc-(1→3)-α-D-Galp-(1→4)-D-Rib-ol-(5→P→,snfg-fig2,,281,"→5)-β-d-Galf-(1→3)-β-d-Galp-(1→4)-β-d-GalpNAc-(1→3)-α-d-Galp-(1→4)-d-Rib-ol-(5→P→
3
↑
1
β-d-Galf"
10,10C,ND,full_structure,→5)-β-D-Galf-(1→3)-β-D-Galp-(1→4)-β-D-GalpNAc-(1→3)-α-D-Galp-(1→2)-D-Rib-ol-(5→P→,→5)-β-D-Galf-(1→3)-β-D-Galp-(1→4)-[β-D-Galf-(1→6)]-β-D-GalpNAc-(1→3)-α-D-Galp-(1→2)-D-Rib-ol-(5→P→,snfg-fig2,,281,"β-d-Galf
1
↓
6
→5)-β-d-Galf-(1→3)-β-d-Galp-(1→4)-β-d-GalpNAc-(1→3)-α-d-Galp-(1→2)-d-Rib-ol-(5→P→"
11,11F,11,full_structure,→6)-α-D-GlcpNAc[3Ac]-(1→4)-α-D-Galp-(1→3)-β-D-Galp[4Ac:0.8;6Ac:0.6]-(1→4)-β-D-Glcp-(1→,→6)-[Rib-ol-(1→P→4)]-α-D-GlcpNAc[3Ac]-(1→4)-α-D-Galp-(1→3)-β-D-Galp[4Ac:0.8;6Ac:0.6]-(1→4)-β-D-Glcp-(1→,valence,,36,"→6)-α-d-GlcpNAc3Ac-(1→4)-α-d-Galp-(1→3)-β-d-Galp40.8,60.6Ac2-(1→4)-β-d-Glcp-(1→
4
↑
Rib-ol-(1→P"
11,11A,43,full_structure,→6)-α-D-Glcp[2Ac:0.6;3Ac:0.5]-(1→4)-α-D-Galp-(1→3)-β-D-Galp[4Ac;6Ac:0.5]-(1→4)-β-D-Glcp-(1→,→6)-[Gro-(1→P→4)]-α-D-Glcp[2Ac:0.6;3Ac:0.5]-(1→4)-α-D-Galp-(1→3)-β-D-Galp[4Ac;6Ac:0.5]-(1→4)-β-D-Glcp-(1→,snfg-fig2,,36,"→6)-α-d-Glcp20.6,30.5Ac2-(1→4)-α-d-Galp-(1→3)-β-d-Galp4,60.5Ac2-(1→4)-β-d-Glcp-(1→
4
↑
Gro-(1→P"
11,11B,76,full_structure,→6)-α-D-GlcpNAc[3Ac:0.8]-(1→4)-α-D-Galp[2Ac:0.4]-(1→3)-β-D-Galp-(1→4)-β-D-Glcp-(1→,→6)-[Rib-ol-(1→P→4)]-α-D-GlcpNAc[3Ac:0.8]-(1→4)-α-D-Galp[2Ac:0.4]-(1→3)-β-D-Galp-(1→4)-β-D-Glcp-(1→,snfg-fig2,,36,"→6)-α-d-GlcpNAc3Ac0.8-(1→4)-α-d-Galp2Ac0.4-(1→3)-β-d-Galp-(1→4)-β-d-Glcp-(1→
4
↑
Rib-ol-(1→P"
11,11C,53,full_structure,→6)-α-D-GlcpNAc[3Ac:0.9]-(1→4)-α-D-Galp[2Ac:0.3]-(1→3)-β-D-Galp-(1→4)-β-D-Glcp-(1→,→6)-[Gro-(1→P→4)]-α-D-GlcpNAc[3Ac:0.9]-(1→4)-α-D-Galp[2Ac:0.3]-(1→3)-β-D-Galp-(1→4)-β-D-Glcp-(1→,snfg-fig2,,36,"→6)-α-d-GlcpNAc3Ac0.9-(1→4)-α-d-Galp2Ac0.3-(1→3)-β-d-Galp-(1→4)-β-d-Glcp-(1→
4
↑
Gro-(1→P"
11,11D,ND,composite,,,,,105,"Gro-(1→P
↓
4
→6)-α-d-GlcpNAc3Ac0.8-(1→4)-α-d-Galp-(1→3)-β-d-Galp4,60.5Ac2-(1→4)-β-d-Glcp-(1→
and
Gro-(1→P
↓
4
→6)-α-d-Glcp20.6,30.5Ac2-(1→4)-α-d-Galp-(1→3)-β-d-Galp4,60.5Ac2-(1→4)-β-d-Glcp-(1→"
11,11E,ND,full_structure,→6)-α-D-Glcp[2Ac;3Ac:0.3]-(1→4)-α-D-Galp-(1→3)-β-D-Galp[4Ac:0.3]-(1→4)-β-D-Glcp-(1→,→6)-[Gro-(1→P→4)]-α-D-Glcp[2Ac;3Ac:0.3]-(1→4)-α-D-Galp-(1→3)-β-D-Galp[4Ac:0.3]-(1→4)-β-D-Glcp-(1→,valence,,"36, 101, 282","→6)-α-d-Glcp2,30.3Ac2-(1→4)-α-d-Galp-(1→3)-β-d-Galp4Ac0.3-(1→4)-β-d-Glcp-(1→
4
↑
Gro-(1→P"
12,12F,12,full_structure,→4)-α-L-FucpNAc-(1→3)-β-D-GalpNAc-(1→4)-β-D-ManpNAcA-(1→,→4)-[α-D-Galp-(1→3)]-α-L-FucpNAc-(1→3)-β-D-GalpNAc-(1→4)-[α-D-Glcp-(1→2)-α-D-Glcp-(1→3)]-β-D-ManpNAcA-(1→,snfg-fig2,,31,"→4)-α-l-FucpNAc-(1→3)-β-d-GalpNAc-(1→4)-β-d-ManpNAcA-(1→
3 3
↑ ↑
1 1
α-d-Galp α-d-Glcp-(1→2)-α-d-Glcp"
12,12A,83,full_structure,→4)-α-L-FucpNAc-(1→3)-β-D-GlcpNAc-(1→4)-β-D-ManpNAcA-(1→,→4)-[α-D-GalpNAc-(1→3)]-α-L-FucpNAc-(1→3)-β-D-GlcpNAc-(1→4)-[α-D-Glcp-(1→2)-α-D-Glcp-(1→3)]-β-D-ManpNAcA-(1→,snfg-fig2,,31,"→4)-α-l-FucpNAc-(1→3)-β-d-GlcpNAc-(1→4)-β-d-ManpNAcA-(1→
3 3
↑ ↑
1 1
α-d-GalpNAc α-d-Glcp-(1→2)-α-d-Glcp"
12,12B,ND,none,,,,,,No information
13,13,13,full_structure,→4)-β-D-Galp-(1→4)-β-D-Glcp[2Ac;3Ac]-(1→3)-β-D-Galf-(1→4)-β-D-GlcpNAc-(1→4)-D-Rib-ol-(5→P→,→4)-β-D-Galp-(1→4)-β-D-Glcp[2Ac;3Ac]-(1→3)-β-D-Galf-(1→4)-β-D-GlcpNAc-(1→4)-D-Rib-ol-(5→P→,linear,,31,"→4)-β-d-Galp-(1→4)-β-d-Glcp2,3Ac2-(1→3)-β-d-Galf-(1→4)-β-d-GlcpNAc-(1→4)-d-Rib-ol-(5→P→"
14,14,14,full_structure,→6)-β-D-GlcpNAc-(1→3)-β-D-Galp-(1→4)-β-D-Glcp-(1→,→6)-[β-D-Galp-(1→4)]-β-D-GlcpNAc-(1→3)-β-D-Galp-(1→4)-β-D-Glcp-(1→,snfg-fig2,,31,"→6)-β-d-GlcpNAc-(1→3)-β-d-Galp-(1→4)-β-d-Glcp-(1→
4
↑
1
β-d-Galp"
15,15F,15,full_structure,→3)-α-D-Galp-(1→2)-β-D-Galp-(1→4)-β-D-GlcpNAc-(1→3)-β-D-Galp-(1→4)-β-D-Glcp-(1→ + (OAc)2 (Unassigned),→3)-α-D-Galp-(1→2)-[Gro-(2→P→3)]-β-D-Galp-(1→4)-β-D-GlcpNAc-(1→3)-β-D-Galp-(1→4)-β-D-Glcp-(1→ + (OAc)2 (Unassigned),snfg-fig2-revised,,31,"→3)-α-d-Galp-(1→2)-β-d-Galp-(1→4)-β-d-GlcpNAc-(1→3)-β-d-Galp-(1→4)-β-d-Glcp-(1→ + (OAc)2 (Unassigned)
3
↑
Cho0.2→P"
15,15A,30,full_structure,→3)-α-D-Galp-(1→2)-β-D-Galp-(1→4)-β-D-GlcpNAc-(1→3)-β-D-Galp-(1→4)-β-D-Glcp-(1→,→3)-α-D-Galp-(1→2)-[Gro[stoich:0.7]-(2→P→3)]-β-D-Galp-(1→4)-β-D-GlcpNAc-(1→3)-β-D-Galp-(1→4)-β-D-Glcp-(1→,snfg-fig2,,31,"→3)-α-d-Galp-(1→2)-β-d-Galp-(1→4)-β-d-GlcpNAc-(1→3)-β-d-Galp-(1→4)-β-d-Glcp-(1→
3
↑
Gro0.7-(2→P"
15,15B,54,full_structure,→6)-β-D-GlcpNAc-(1→3)-β-D-Galp-(1→4)-β-D-Glcp-(1→,→6)-[α-D-Galp[2Ac:0.06;3Ac:0.12;4Ac:0.12;6Ac:0.55]-(1→2)-[Gro-(2→P→3)]-β-D-Galp-(1→4)]-β-D-GlcpNAc-(1→3)-β-D-Galp-(1→4)-β-D-Glcp-(1→,snfg-fig2,,32,"→6)-β-d-GlcpNAc-(1→3)-β-d-Galp-(1→4)-β-d-Glcp-(1→
4
↑
1
α-d-Galp20.06,30.12,40.12,60.55Ac4(1→2)-β-d-Galp
3
↑
Gro0.7-(2→P"
15,15C,77,full_structure,→6)-β-D-GlcpNAc-(1→3)-β-D-Galp-(1→4)-β-D-Glcp-(1→,→6)-[α-D-Galp-(1→2)-[Gro-(2→P→3)]-β-D-Galp-(1→4)]-β-D-GlcpNAc-(1→3)-β-D-Galp-(1→4)-β-D-Glcp-(1→,snfg-fig2,,32,"→6)-β-d-GlcpNAc-(1→3)-β-d-Galp-(1→4)-β-d-Glcp-(1→
4
↑
1
α-d-Galp-(1→2)-β-d-Galp
3
↑
Gro0.7-(2→P"
16,16F,16,full_structure,→3)-α-L-Rhap-[4-P-1-Gro]-(1→3)-α-D-Glcp-[(6-P-1)-Gro]-(1→3)-β-L-Rhap-[2-OAc]-(1→4)-β-D-Glcp-(1→,→3)-α-L-Rhap-[4-P-1-Gro]-(1→3)-α-D-Glcp-[(6-P-1)-Gro]-(1→3)-β-L-Rhap-[2-OAc]-(1→4)-β-D-Glcp-(1→,linear,,Li et al. J Bacteriol 2019;201(20). doi:10.1128/jb.00453-19,-3)-α-L-Rhap-[4-P-1-Gro]-(1-3)-α-D-Glcp-[(6-P-1)-Gro]-(1-3)-β-L-Rhap-[2-OAc]-(1-4)-β-D-Glcp-(1-
16,16A,ND,full_structure,→3)-β-D-Galf-[2-OAc (70%)]-(1→3)-α-L-Rhap-(1→2)-α-L-Rhap-(1→3)-α-D-Galp-[(6-P-1)-Gro]-(1→3)-β-D-Galp-(1→4)-β-D-Glcp-(1→,→3)-β-D-Galf-[2-OAc (70%)]-(1→3)-α-L-Rhap-(1→2)-α-L-Rhap-(1→3)-α-D-Galp-[(6-P-1)-Gro]-(1→3)-β-D-Galp-(1→4)-β-D-Glcp-(1→,linear,,Li et al. J Bacteriol 2019;201(20). doi:10.1128/jb.00453-19,-3)-β-D-Galf-[2-OAc (70%)]-(1-3)-α-L-Rhap-(1-2)-α-L-Rhap-(1-3)-α-D-Galp-[(6-P-1)-Gro]-(1-3)-β-D-Galp-(1-4)-β-D-Glcp-(1-
17,17F,17,full_structure,→3)-β-L-Rhap-(1→4)-β-D-Glcp-(1→3)-α-D-Galp-(1→3)-β-L-Rhap[2Ac]-(1→4)-α-L-Rhap-(1→2)-D-Ara-ol-(1→P→,→3)-β-L-Rhap-(1→4)-β-D-Glcp-(1→3)-α-D-Galp-(1→3)-[α-D-Galp-(1→4)]-β-L-Rhap[2Ac]-(1→4)-α-L-Rhap-(1→2)-D-Ara-ol-(1→P→,snfg-fig2,,"283, 284","→3)-β-l-Rhap-(1→4)-β-d-Glcp-(1→3)-α-d-Galp-(1→3)-β-l-Rhap2Ac-(1→4)-α-l-Rhap-(1→2)-d-Ara-ol-(1→P→
4
↑
1
α-d-Galp"
17,17A,78,full_structure,→3)-β-D-Glcp-(1→3)-α-D-Galp-(1→3)-β-L-Rhap[2Ac]-(1→4)-α-L-Rhap-(1→4)-β-D-GlcpA-(1→3)-β-D-Galf-(1→,→3)-β-D-Glcp-(1→3)-α-D-Galp-(1→3)-[β-D-Galp-(1→4)]-β-L-Rhap[2Ac]-(1→4)-α-L-Rhap-(1→4)-β-D-GlcpA-(1→3)-[α-D-Glcp-(1→2)]-β-D-Galf-(1→,snfg-fig2,,31,"→3)-β-d-Glcp-(1→3)-α-d-Galp-(1→3)-β-l-Rhap2Ac-(1→4)-α-l-Rhap-(1→4)-β-d-GlcpA-(1→3)-β-d-Galf-(1→
4 2
↑ ↑
1 1
β-d-Galp α-d-Glcp"
18,18F,18,full_structure,→4)-β-D-Glcp-(1→4)-β-D-Galp-(1→4)-α-D-Glcp-(1→3)-β-L-Rhap[2Ac]-(1→,→4)-β-D-Glcp-(1→4)-[Gro-(1→P→3)][α-D-Glcp[6Ac]-(1→2)]-β-D-Galp-(1→4)-α-D-Glcp-(1→3)-β-L-Rhap[2Ac]-(1→,snfg-fig2,,31,"Gro-(1→P
↓
3
→4)-β-d-Glcp-(1→4)-β-d-Galp-(1→4)-α-d-Glcp-(1→3)-β-l-Rhap2Ac-(1→
2
↑
1
α-d-Glcp6Ac"
18,18A,44,full_structure,→4)-β-D-Glcp-(1→4)-β-D-Galp-(1→4)-α-D-GlcpNAc-(1→3)-β-L-Rhap-(1→,→4)-β-D-Glcp-(1→4)-[D-Gro-(1→P→3)][α-D-Glcp-(1→2)]-β-D-Galp-(1→4)-α-D-GlcpNAc-(1→3)-β-L-Rhap-(1→,snfg-fig2,,31,"d-Gro-(1→P
↓
3
→4)-β-d-Glcp-(1→4)-β-d-Galp-(1→4)-α-d-GlcpNAc-(1→3)-β-l-Rhap-(1→
2
↑
1
α-d-Glcp"
18,18B,55,full_structure,→4)-β-D-Glcp-(1→4)-β-D-Galp-(1→4)-α-D-Glcp-(1→3)-β-L-Rhap-(1→,→4)-β-D-Glcp-(1→4)-[D-Gro-(1→P→3)][α-D-Glcp-(1→2)]-β-D-Galp-(1→4)-α-D-Glcp-(1→3)-β-L-Rhap-(1→,snfg-fig2,,31,"d-Gro-(1→P
↓
3
→4)-β-d-Glcp-(1→4)-β-d-Galp-(1→4)-α-d-Glcp-(1→3)-β-l-Rhap-(1→
2
↑
1
α-d-Glcp"
18,18C,56,full_structure,→4)-β-D-Glcp-(1→4)-β-D-Galp-(1→4)-α-D-Glcp-(1→3)-β-L-Rhap-(1→,→4)-β-D-Glcp-(1→4)-[Gro-(1→P→3)][α-D-Glcp[6Ac:0.3]-(1→2)]-β-D-Galp-(1→4)-α-D-Glcp-(1→3)-β-L-Rhap-(1→,snfg-fig2,,31,"Gro-(1→P
↓
3
→4)-β-d-Glcp-(1→4)-β-d-Galp-(1→4)-α-d-Glcp-(1→3)-β-l-Rhap-(1→
2
↑
1
α-d-Glcp6Ac0.3"
19,19F,19,full_structure,→4)-β-D-ManpNAc-(1→4)-α-D-Glcp-(1→2)-α-L-Rhap-(1→P→,→4)-β-D-ManpNAc-(1→4)-α-D-Glcp-(1→2)-α-L-Rhap-(1→P→,linear,,31,→4)-β-d-ManpNAc-(1→4)-α-d-Glcp-(1→2)-α-l-Rhap-(1→P→
19,19A,57,full_structure,→4)-β-D-ManpNAc-(1→4)-α-D-Glcp-(1→3)-α-L-Rhap-(1→P→,→4)-β-D-ManpNAc-(1→4)-α-D-Glcp-(1→3)-α-L-Rhap-(1→P→,linear,,31,→4)-β-d-ManpNAc-(1→4)-α-d-Glcp-(1→3)-α-l-Rhap-(1→P→
19,19B,58,full_structure,→4)-β-D-ManpNAc-(1→4)-β-D-Glcp-(1→4)-β-D-ManpNAc-(1→4)-α-L-Rhap-(1→P→,→4)-[β-D-Ribf-(1→4)-α-L-Rhap-(1→3)]-β-D-ManpNAc-(1→4)-β-D-Glcp-(1→4)-β-D-ManpNAc-(1→4)-α-L-Rhap-(1→P→,snfg-fig2,,31,"→4)-β-d-ManpNAc-(1→4)-β-d-Glcp-(1→4)-β-d-ManpNAc-(1→4)-α-l-Rhap-(1→P→
3
↑
1
β-d-Ribf-(1→4)-α-l-Rhap"
19,19C,59,full_structure,→4)-β-D-ManpNAc-(1→4)-β-D-Glcp-(1→4)-β-D-ManpNAc-(1→4)-α-L-Rhap-(1→P→,→4)-[β-D-Glcp-(1→6)][β-D-Ribf-(1→4)-α-L-Rhap-(1→3)]-β-D-ManpNAc-(1→4)-β-D-Glcp-(1→4)-β-D-ManpNAc-(1→4)-α-L-Rhap-(1→P→,snfg-fig2,,31,"β-d-Glcp
1
↓
6
→4)-β-d-ManpNAc-(1→4)-β-d-Glcp-(1→4)-β-d-ManpNAc-(1→4)-α-l-Rhap-(1→P→
3
↑
1
β-d-Ribf-(1→4)-α-l-Rhap"
20,20A,20,full_structure,→3)-α-GlcpNAc-(1-P-6)-α-Glcp-(1→6)-β-Glcp-(1→3)-β-Galf[5Ac:0.9;6Ac:0.9]-(1→3)-β-Glcp-(1→,→3)-[β-Galf[2Ac:0.9]-(1→4)]-α-GlcpNAc-(1-P-6)-α-Glcp-(1→6)-β-Glcp-(1→3)-β-Galf[5Ac:0.9;6Ac:0.9]-(1→3)-β-Glcp-(1→,snfg-fig2,,28,"β-Galf2Ac0.9
1
↓
4
→3)-α-GlcpNAc-(1-P-6)-α-Glcp-(1→6)-β-Glcp-(1→3)-β-Galf50.9,60.9Ac2-(1→3)-β-Glcp-(1→"
20,20B,ND,full_structure,→3)-α-GlcpNAc-(1-P-6)-α-Glcp-(1→6)-β-Glcp-(1→3)-β-Galf[5Ac:0.9;6Ac:0.9]-(1→3)-β-Glcp-(1→,→3)-[β-Galf[2Ac:0.9]-(1→4)][α-Glcp-(1→6)]-α-GlcpNAc-(1-P-6)-α-Glcp-(1→6)-β-Glcp-(1→3)-β-Galf[5Ac:0.9;6Ac:0.9]-(1→3)-β-Glcp-(1→,snfg-fig2,,28,"β-Galf2Ac0.9
1
↓
4
→3)-α-GlcpNAc-(1-P-6)-α-Glcp-(1→6)-β-Glcp-(1→3)-β-Galf50.9,60.9Ac2-(1→3)-β-Glcp-(1→
6
↑
1
α-Glcp"
21,21,21,constituents_only,,,,,31,"Constituents: Glc, Gal, and GlcN"
22,22F,22,full_structure,→4)-β-D-GlcpA-(1→4)-β-L-Rhap[2Ac:0.8]-(1→4)-α-D-Glcp-(1→3)-α-D-Galf-(1→2)-α-L-Rhap-(1→,→4)-β-D-GlcpA-(1→4)-[α-D-Glcp-(1→3)]-β-L-Rhap[2Ac:0.8]-(1→4)-α-D-Glcp-(1→3)-α-D-Galf-(1→2)-α-L-Rhap-(1→,snfg-fig2,,31,"→4)-β-d-GlcpA-(1→4)-β-l-Rhap2Ac0.8-(1→4)-α-d-Glcp-(1→3)-α-d-Galf-(1→2)-α-l-Rhap-(1→
3
↑
1
α-d-Glcp"
22,22A,63,none,,,,,,No information
23,23F,23,full_structure,→4)-β-D-Glcp-(1→4)-β-D-Galp-(1→4)-β-L-Rhap-(1→,→4)-β-D-Glcp-(1→4)-[Gro-(2→P→3)][α-L-Rhap-(1→2)]-β-D-Galp-(1→4)-β-L-Rhap-(1→,snfg-fig2,,31,"Gro-(2→P
↓
3
→4)-β-d-Glcp-(1→4)-β-d-Galp-(1→4)-β-l-Rhap-(1→
2
↑
1
α-l-Rhap"
23,23A,46,full_structure,→4)-β-D-Glcp-(1→3)-[[α-L-Rhap-(1→2)]-[Gro-(2→P→3)]-β-D-Galp-(1→4)]-β-L-Rhap-(1→,→4)-β-D-Glcp-(1→3)-[[α-L-Rhap-(1→2)]-[Gro-(2→P→3)]-β-D-Galp-(1→4)]-β-L-Rhap-(1→,linear,,Ravenscroft et al. Carbohydr Res 2017;450:19-29. doi:10.1016/j.carres.2017.08.006,→4)-β-D-Glcp-(1→3)-[[α-L-Rhap-(1→2)]-[Gro-(2→P→3)]-β-D-Galp-(1→4)]-β-L-Rhap-(1→
23,23B,64,full_structure,→4)-β-D-Glcp-(1→4)-[Gro-(2→P→3)]-β-D-Galp-(1→4)-β-L-Rhap-(1→,→4)-β-D-Glcp-(1→4)-[Gro-(2→P→3)]-β-D-Galp-(1→4)-β-L-Rhap-(1→,linear,,Ravenscroft et al. Carbohydr Res 2017;450:19-29. doi:10.1016/j.carres.2017.08.006,→4)-β-D-Glcp-(1→4)-[Gro-(2→P→3)]-β-D-Galp-(1→4)-β-L-Rhap-(1→
24,24F,24,prose_partial,,,,,Ganaie et al. J Clin Microbiol 2021;59(7). doi:10.1128/jcm.00540-21,Backbone: [β-Ribf-(1→4)-α-Rhap-(1→3)-β-GlcpNAc-(1→4)-β-Rhap-(1→4)-β-Glcp] with arabinitol-phosphate side chain
24,24A,65,full_structure,→4)-[-α-Rhap-(1→3)]-β-GlcpNAc-[6-P-Cho]-(1→4)-β-Rhap-[3-P-1-Arabinitol]-(1→4)-β-Glcp-(1→,→4)-[-α-Rhap-(1→3)]-β-GlcpNAc-[6-P-Cho]-(1→4)-β-Rhap-[3-P-1-Arabinitol]-(1→4)-β-Glcp-(1→,linear,,Ganaie et al. J Clin Microbiol 2021;59(7). doi:10.1128/jcm.00540-21,→4)-[-α-Rhap-(1→3)]-β-GlcpNAc-[6-P-Cho]-(1→4)-β-Rhap-[3-P-1-Arabinitol]-(1→4)-β-Glcp-(1→
24,24B,60,prose_partial,,,,,Ganaie et al. J Clin Microbiol 2021;59(7). doi:10.1128/jcm.00540-21,Backbone: [β-Ribf-(1→4)-α-Rhap-(1→3)-β-GlcpNAc-(1→4)-β-Rhap-(1→4)-β-Glcp] with ribitol-phosphate side chain
25,25F,25,constituents_only,,,,,31,"Constituents: Glc, Rha, GlcN, Rib, and Rib-ol-P"
25,25A,,none,,,,,,No information
27,27,27,full_structure,"3)-β-D-GlcpNAc4,6(S)Pyr-(1→3)-α-D-Galp-(1→4)-β-L-Rhap-(1→4)-β-D-Glcp(1→","3)-β-D-GlcpNAc4,6(S)Pyr-(1→3)-α-D-Galp-(1→4)-[Cho-P→2]-β-L-Rhap-(1→4)-β-D-Glcp(1→",snfg-fig2,,31,"3)-β-d-GlcpNAc4,6(S)Pyr-(1→3)-α-d-Galp-(1→4)-β-l-Rhap-(1→4)-β-d-Glcp(1→
2
↑
Cho→P"
28,28F,28,constituents_only,,,,,31,"Constituents: Glc, Rha, Gro, and Cho-P"
28,28A,79,constituents_only,,,,,31,Constituents: Cho-P
29,29,29,full_structure,→4)-β-D-GalpNAc-(1→6)-β-D-Galf-(1→3)-β-D-Galp-(1→6)-β-D-Galf-(1→1)-D-Rib-ol-(5→P→,→4)-β-D-GalpNAc-(1→6)-β-D-Galf-(1→3)-β-D-Galp-(1→6)-β-D-Galf-(1→1)-D-Rib-ol-(5→P→,linear,,31,→4)-β-d-GalpNAc-(1→6)-β-d-Galf-(1→3)-β-d-Galp-(1→6)-β-d-Galf-(1→1)-d-Rib-ol-(5→P→
31,31,31,full_structure,→2)-β-L-Rhap-(1→3)-β-D-Galf-(1→3)-β-L-Rhap-(1→4)-β-D-GlcpA-(1→3)-β-D-Galf-(1→,→2)-β-L-Rhap-(1→3)-β-D-Galf-(1→3)-β-L-Rhap-(1→4)-β-D-GlcpA-(1→3)-β-D-Galf-(1→,linear,,31,→2)-β-l-Rhap-(1→3)-β-d-Galf-(1→3)-β-l-Rhap-(1→4)-β-d-GlcpA-(1→3)-β-d-Galf-(1→
32,32F,32,full_structure,→4)-β-D-Glcp-(1→3)-α-D-Glcp-(1→4)-β-L-Rhap[2Ac]-(1→,→4)-β-D-Glcp-(1→3)-[α-L-Rhap-(1→P→2)]-α-D-Glcp-(1→4)-[Cho-P→3]-β-L-Rhap[2Ac]-(1→,snfg-fig2,,31,"→4)-β-d-Glcp-(1→3)-α-d-Glcp-(1→4)-β-l-Rhap2Ac-(1→
2 3
↑ ↑
α-l-Rhap-(1→P Cho→P"
32,32A,67,full_structure,→4)-β-D-Glcp-(1→3)-α-D-Glcp[4Ac]-(1→4)-β-L-Rhap[2Ac]-(1→,→4)-β-D-Glcp-(1→3)-[α-L-Rhap-(1→P→2)]-α-D-Glcp[4Ac]-(1→4)-[Cho-P→3]-β-L-Rhap[2Ac]-(1→,snfg-fig2,,31,"→4)-β-d-Glcp-(1→3)-α-d-Glcp4Ac-(1→4)-β-l-Rhap2Ac-(1→
2 3
↑ ↑
α-l-Rhap-(1→P Cho→P"
33,33F,70,full_structure,→3)-β-D-Galp-(1→3)-α-D-Galp-(1→3)-β-D-Galf-(1→3)-β-D-Glcp-(1→5)-β-D-Galf[2Ac:0.5]-(1→,→3)-β-D-Galp-(1→3)-[α-D-Galp-(1→2)]-α-D-Galp-(1→3)-β-D-Galf-(1→3)-β-D-Glcp-(1→5)-β-D-Galf[2Ac:0.5]-(1→,snfg-fig2,,285,"→3)-β-d-Galp-(1→3)-α-d-Galp-(1→3)-β-d-Galf-(1→3)-β-d-Glcp-(1→5)-β-d-Galf2Ac0.5-(1→
2
↑
1
α-d-Galp"
33,33A,40,full_structure,→3)-β-D-Galp-(1→3)-α-D-Galp-(1→3)-β-D-Galf[5Ac;6Ac]-(1→3)-β-D-Glcp-(1→5)-β-D-Galf[2Ac]-(1→,→3)-β-D-Galp-(1→3)-[α-D-Galp-(1→2)]-α-D-Galp-(1→3)-β-D-Galf[5Ac;6Ac]-(1→3)-β-D-Glcp-(1→5)-β-D-Galf[2Ac]-(1→,snfg-fig2,,286,"→3)-β-d-Galp-(1→3)-α-d-Galp-(1→3)-β-d-Galf5,6Ac2-(1→3)-β-d-Glcp-(1→5)-β-d-Galf2Ac-(1→
2
↑
1
α-d-Galp"
33,33B,42,full_structure,→6)-β-D-Galf[2Ac]-(1→3)-β-D-GalpNAc-(1→3)-α-D-Galp-(1→4)-Rib-ol-(5→P→2)-α-D-Glcp-(1→3)-β-D-Glcp-(1→,→6)-β-D-Galf[2Ac]-(1→3)-β-D-GalpNAc-(1→3)-[α-D-Galp-(1→2)]-α-D-Galp-(1→4)-Rib-ol-(5→P→2)-α-D-Glcp-(1→3)-β-D-Glcp-(1→,snfg-fig2,,37,"→6)-β-d-Galf2Ac-(1→3)-β-d-GalpNAc-(1→3)-α-d-Galp-(1→4)-Rib-ol-(5→P→2)-α-d-Glcp-(1→3)-β-d-Glcp-(1→
2
↑
1
α-d-Galp"
33,33C,39,full_structure,→6)-β-D-Galf[2Ac]-(1→3)-β-D-GalpNAc-(1→3)-α-D-Galp-(1→3)-Rib-ol-(5→P→3)-α-D-Galp-(1→3)-β-D-Galp-(1→,→6)-β-D-Galf[2Ac]-(1→3)-β-D-GalpNAc-(1→3)-[α-D-Galp-(1→2)]-α-D-Galp-(1→3)-Rib-ol-(5→P→3)-α-D-Galp-(1→3)-β-D-Galp-(1→,snfg-fig2,,37,"→6)-β-d-Galf2Ac-(1→3)-β-d-GalpNAc-(1→3)-α-d-Galp-(1→3)-Rib-ol-(5→P→3)-α-d-Galp-(1→3)-β-d-Galp-(1→
2
↑
1
α-d-Galp"
33,33D,ND,full_structure,→6)-β-D-Galf[2Ac]-(1→3)-β-D-GalpNAc-(1→3)-α-D-Galp-(1→4)-Rib-ol-(5→P→2)-α-D-Galp-(1→3)-β-D-Glcp-(1→,→6)-β-D-Galf[2Ac]-(1→3)-β-D-GalpNAc-(1→3)-[α-D-Galp-(1→2)]-α-D-Galp-(1→4)-Rib-ol-(5→P→2)-α-D-Galp-(1→3)-β-D-Glcp-(1→,snfg-fig2,,37,"→6)-β-d-Galf2Ac-(1→3)-β-d-GalpNAc-(1→3)-α-d-Galp-(1→4)-Rib-ol-(5→P→2)-α-d-Galp-(1→3)-β-d-Glcp-(1→
2
↑
1
α-d-Galp"
33,33Ec,,none,,,,,,No information
34,34,41,full_structure,→3)-β-D-Galf-(1→3)-α-D-Glcp-(1→2)-β-D-Galf[6Ac:0.5]-(1→3)-α-D-Galp-(1→2)-D-Rib-ol-(5→P→,→3)-β-D-Galf-(1→3)-α-D-Glcp-(1→2)-β-D-Galf[6Ac:0.5]-(1→3)-α-D-Galp-(1→2)-D-Rib-ol-(5→P→,linear,,31,→3)-β-d-Galf-(1→3)-α-d-Glcp-(1→2)-β-d-Galf6Ac0.5-(1→3)-α-d-Galp-(1→2)-d-Rib-ol-(5→P→
35,35F,35,full_structure,→6)-β-D-Galf[2Ac]-(1→3)-α-D-Galp-(1→2)-Rib-ol-(5→P→3)-β-D-Galf-(1→3)-β-D-Galp-(1→,→6)-β-D-Galf[2Ac]-(1→3)-α-D-Galp-(1→2)-Rib-ol-(5→P→3)-β-D-Galf-(1→3)-β-D-Galp-(1→,linear,,290,→6)-β-d-Galf2Ac-(1→3)-α-d-Galp-(1→2)-Rib-ol-(5→P→3)-β-d-Galf-(1→3)-β-d-Galp-(1→
35,35A,47/62,full_structure,→3)-β-D-Galp-(1→3)-β-D-Galf[5Ac;6Ac]-(1→3)-β-D-Glcp-(1→6)-β-D-Galf[2Ac]-(1→1)-Man-ol-(6→P→,→3)-β-D-Galp-(1→3)-β-D-Galf[5Ac;6Ac]-(1→3)-β-D-Glcp-(1→6)-β-D-Galf[2Ac]-(1→1)-Man-ol-(6→P→,linear,,31,"→3)-β-d-Galp-(1→3)-β-d-Galf5,6Ac2-(1→3)-β-d-Glcp-(1→6)-β-d-Galf2Ac-(1→1)-Man-ol-(6→P→"
35,35B,66,full_structure,→4)-β-D-GalpNAc-(1→6)-β-D-Galf-(1→3)-β-D-Glcp-(1→6)-β-D-Galf[2Ac:0.7]-(1→1)-Rib-ol-(5→P→,→4)-β-D-GalpNAc-(1→6)-β-D-Galf-(1→3)-β-D-Glcp-(1→6)-β-D-Galf[2Ac:0.7]-(1→1)-Rib-ol-(5→P→,linear,,31,→4)-β-d-GalpNAc-(1→6)-β-d-Galf-(1→3)-β-d-Glcp-(1→6)-β-d-Galf2Ac0.7-(1→1)-Rib-ol-(5→P→
35,35C,61,full_structure,→6)-β-D-Galf-(1→1)-Man-ol-(6→P→3)-β-D-Galp-(1→3)-β-D-Galf-(1→3)-β-D-Glcp-(1→,→6)-[α-D-Glcp-(1→2)]-β-D-Galf-(1→1)-Man-ol-(6→P→3)-β-D-Galp-(1→3)-β-D-Galf-(1→3)-β-D-Glcp-(1→,snfg-fig2,,290,"→6)-β-d-Galf-(1→1)-Man-ol-(6→P→3)-β-d-Galp-(1→3)-β-d-Galf-(1→3)-β-d-Glcp-(1→
2
↑
1
α-d-Glcp"
36,36,36,none,,,,,,No information
37,37,37,full_structure,→3)-β-D-Glcp-(1→,→3)-[β-D-Glcp-(1→2)]-β-D-Glcp-(1→,valence,,31,"→3)-β-d-Glcp-(1→
2
↑
1
β-d-Glcp"
38,38,71,none,,,,,,No information
39,39,69,full_structure,→6)-β-D-Galf-(1→3)-β-D-Galp-(1→4)-β-D-GalpNAc-(1→3)-α-D-Galp-(1→1)-D-Rib-ol-(5→P→,→6)-β-D-Galf-(1→3)-β-D-Galp-(1→4)-[β-D-Galp-(1→6)][β-D-Galf[3Ac:0.35;6Ac:0.65]-(1→3)]-β-D-GalpNAc-(1→3)-α-D-Galp-(1→1)-D-Rib-ol-(5→P→,snfg-fig2,,287,"β-d-Galp
1
↓
6
→6)-β-d-Galf-(1→3)-β-d-Galp-(1→4)-β-d-GalpNAc-(1→3)-α-d-Galp-(1→1)-d-Rib-ol-(5→P→
3
↑
1
β-d-Galf30.35,60.65Ac2"
40,40,45,none,,,,,,No information
41,41F,38,full_structure,→4)-β-D-GlcpA-(1→3)-β-D-Galf-(1→3)-β-D-Glcp-(1→3)-β-D-Glcp-(1→3)-α-D-Rhap-(1→,→4)-β-D-GlcpA-(1→3)-[α-D-Glcp-(1→2)]-β-D-Galf-(1→3)-β-D-Glcp-(1→3)-β-D-Glcp-(1→3)-[β-D-Rhap[2Ac:0.4;3Ac:0.35;4Ac:0.15]-(1→2)]-α-D-Rhap-(1→,snfg-fig2,,288,"→4)-β-d-GlcpA-(1→3)-β-d-Galf-(1→3)-β-d-Glcp-(1→3)-β-d-Glcp-(1→3)-α-d-Rhap-(1→
2 2
↑ ↑
1 1
α-d-Glcp β-d-Rhap20.4,30.35,40.15Ac3"
41,41A,74,full_structure,→4)-β-D-GlcpA-(1→3)-β-D-Galf-(1→3)-β-D-Glcp-(1→3)-β-D-Glcp-(1→3)-α-D-Rhap-(1→,→4)-β-D-GlcpA-(1→3)-[α-D-Glcp-(1→2)]-β-D-Galf-(1→3)-β-D-Glcp-(1→3)-β-D-Glcp-(1→3)-[β-L-Rhap-(1→2)]-α-D-Rhap-(1→,snfg-fig2,,288,"→4)-β-d-GlcpA-(1→3)-β-d-Galf-(1→3)-β-d-Glcp-(1→3)-β-d-Glcp-(1→3)-α-d-Rhap-(1→
2 2
↑ ↑
1 1
α-d-Glcp β-l-Rhap"
42,42,80,full_structure,→3)-β-D-Galp-(1→3)-β-D-Galf-[5Ac:0.7;6Ac]-(1→3)-β-D-Glcp-(1→6)-β-D-Galf-(1→1)-D-Man-ol-(6→P→,→3)-[α-D-Glcp-(1→2)]-β-D-Galp-(1→3)-β-D-Galf-[5Ac:0.7;6Ac]-(1→3)-β-D-Glcp-(1→6)-β-D-Galf-(1→1)-D-Man-ol-(6→P→,snfg-fig2,,287,"→3)-β-d-Galp-(1→3)-β-d-Galf-50.7,6Ac2-(1→3)-β-d-Glcp-(1→6)-β-d-Galf-(1→1)-d-Man-ol-(6→P→
2
↑
1
α-d-Glcp"
43,43,75,none,,,,,,No information
44,44,81,none,,,,,,No information
45,45,72,full_structure,→3)-α-D-Galp-(1→3)-α-L-FucpNAc-(1→3)-β-D-GalpNAc-(1→2)-α-L-Rhap-(1→,→3)-[α-D-Galp-(1→6)]-α-D-Galp-(1→3)-[Gro-(1→P→6)-β-D-GlcpNAc-(1→4)]-α-L-FucpNAc-(1→3)-β-D-GalpNAc-(1→2)-α-L-Rhap-(1→,snfg-fig2,,31,"Gro-(1→P→6)-β-d-GlcpNAc
1
↓
4
→3)-α-d-Galp-(1→3)-α-l-FucpNAc-(1→3)-β-d-GalpNAc-(1→2)-α-l-Rhap-(1→
6
↑
1
α-d-Galp"
46,46,73,constituents_only,,,,,31,"Constituents: d-Gal, d-GalNAc, d-GlcNAc, and l-FucNAc"
47,47F,52,full_structure,→6)-β-D-Galf[3Ac;5Ac]-(1→3)-β-D-Galp-(1→6)-β-D-Galf[2Ac]-(1→3)-α-D-Galp-(1→2)-D-Rib-ol-(5→P→,→6)-β-D-Galf[3Ac;5Ac]-(1→3)-β-D-Galp-(1→6)-β-D-Galf[2Ac]-(1→3)-α-D-Galp-(1→2)-D-Rib-ol-(5→P→,linear,,287,"→6)-β-d-Galf3,5Ac2-(1→3)-β-d-Galp-(1→6)-β-d-Galf2Ac-(1→3)-α-d-Galp-(1→2)-d-Rib-ol-(5→P→"
47,47A,84,full_structure,→6)-β-D-Galf[3Ac;5Ac]-(1→3)-β-D-Galp-(1→4)-α-D-GlcpNAc-(1→4)-α-D-Galp-(1→2)-D-Rib-ol-(5→P→,→6)-β-D-Galf[3Ac;5Ac]-(1→3)-β-D-Galp-(1→4)-[β-D-Glcp-(1→6)]-α-D-GlcpNAc-(1→4)-[β-D-Glcp-(1→3)]-α-D-Galp-(1→2)-D-Rib-ol-(5→P→,snfg-fig2,,289,"β-d-Glcp
1
↓
6
→6)-β-d-Galf3,5Ac2-(1→3)-β-d-Galp-(1→4)-α-d-GlcpNAc-(1→4)-α-d-Galp-(1→2)-d-Rib-ol-(5→P→
3
↑
1
β-d-Glcp"
48,48,82,none,,,,,,No information
CWPSd,CWPS1,ND,full_structure,→6)-β-D-Glcp-(1→3)-α-AATGalp-(1→4)-α-D-GalpNAc-(1→3)-β-D-GalpNAc-(1→1)-D-Rib-ol-5→P→,,ambiguous,branch-attachment-unresolved,42,"Cho-P
↓
6
→6)-β-d-Glcp-(1→3)-α-AATGalp-(1→4)-α-d-GalpNAc-(1→3)-β-d-GalpNAc-(1→1)-d-Rib-ol-5→P→"
CWPSd,CWPS2,ND,full_structure,→6)-β-D-Glcp-(1→3)-α-AATGalp-(1→4)-α-D-GalpNAc-(1→3)-β-D-GalpNAc-(1→1)-D-Ribitol-(5→P→,→6)-β-D-Glcp-(1→3)-α-AATGalp-(1→4)-[Cho-P→6]-α-D-GalpNAc-(1→3)-[Cho-P→6]-β-D-GalpNAc-(1→1)-D-Ribitol-(5→P→,valence,,42,"Cho-P Cho-P
↓ ↓
6 6
→6)-β-d-Glcp-(1→3)-α-AATGalp-(1→4)-α-d-GalpNAc-(1→3)-β-d-GalpNAc-(1→1)-d-Ribitol-(5→P→"
CWPSd,CWPS3,ND,full_structure,→6)-β-D-Galp-(1→3)-α-AATGalp-(1→4)-α-D-GalpNAc-(1→3)-β-D-GalpNAc-(1→1)-D-Ribitol-(5→P→,→6)-β-D-Galp-(1→3)-α-AATGalp-(1→4)-[Cho-P→6]-α-D-GalpNAc-(1→3)-[Cho-P→6]-β-D-GalpNAc-(1→1)-D-Ribitol-(5→P→,valence,,41,"Cho-P Cho-P
↓ ↓
6 6
→6)-β-d-Galp-(1→3)-α-AATGalp-(1→4)-α-d-GalpNAc-(1→3)-β-d-GalpNAc-(1→1)-d-Ribitol-(5→P→"
24,24C,,composite,,,,,Ganaie et al. J Clin Microbiol 2021;59(7). doi:10.1128/jcm.00540-21,Variable mixture of 24F-like and 24B-like repeating units (strain-dependent ribitol:arabinitol ratio)
33,33E,,prose_partial,,,,,Ganaie et al. J Biol Chem 2023;299:105085. doi:10.1016/j.jbc.2023.105085,Same backbone as 33F: [→5)-β-D-Galf2Ac-(1→3)-β-D-Galp-(1→3)-α-D-Galp-(1→3)-β-D-Galf-(1→3)-β-D-Glcp-(1→] but without branching α-D-Galp (wciE inactivated)
33,33G,,full_structure,→5)-β-Galf-(1→3)-β-Glcp-(1→5)-β-Galf [2Ac]-(1→3)-β-GalpNAc-(1→3)-α-Galp-(1→4)-Rib-ol-(5→P→,→5)-β-Galf-(1→3)-β-Glcp-(1→5)-β-Galf [2Ac]-(1→3)-β-GalpNAc-(1→3)-α-Galp-(1→4)-Rib-ol-(5→P→,linear,,Manna et al. Microbiol Spectrum 2024;12. doi:10.1128/spectrum.03579-23,→5)-β-Galf-(1→3)-β-Glcp-(1→5)-β-Galf 2Ac-(1→3)-β-GalpNAc-(1→3)-α-Galp-(1→4)-Rib-ol-(5→P→
36,36A,,prose_partial,,,,,Ganaie et al. J Clin Microbiol 2023;61(4). doi:10.1128/jcm.00024-23,Backbone: [→5)-α-D-Galf-(1→1)-D-Rib-ol-(5→P→6)-β-D-ManpNAc-(1→4)-β-D-Glcp-(1→] with β-D-Galp branch on Rib-ol and α-D-Glcp-(1→3) branch on ManpNAc
36,36B,,prose_partial,,,,,Ganaie et al. J Clin Microbiol 2023;61(4). doi:10.1128/jcm.00024-23,Backbone: [→5)-α-D-Galf-(1→1)-D-Rib-ol-(5→P→6)-β-D-ManpNAc-(1→4)-β-D-Glcp-(1→] with β-D-Galp branch on Rib-ol and α-D-Galp-(1→3) branch on ManpNAc
7,7D,,composite,,,,,Kjeldsen et al. Carbohydr Res 2018;463:24-31. doi:10.1016/j.carres.2018.04.011,Hybrid: ~1:5 mixture of 7B and 7C repeating-unit structures
